time,amplitude
0.0,0.00013614452841909097
2.2675788380472517e-05,-0.00027228905683818194
4.5351576760945034e-05,0.0007487949063050004
6.802736514141755e-05,0.00027228905683818194
9.070315352189007e-05,-0.00020421679262863646
0.00011337894190236258,0.00027228905683818194
0.0001360547302828351,0.0004084335852572729
0.0001587305186633076,0.00020421679262863646
0.00018140630704378014,-0.00013614452841909097
0.00020408209542425266,6.807226420954549e-05
0.00022675788380472516,-3.403613210477274e-05
0.00024943367218519766,0.0003403613210477275
0.0002721094605656702,0.00013614452841909097
0.0002947852489461427,0.0
0.0003174610373266152,-0.00017018066052386374
0.00034013682570708777,-0.00027228905683818194
0.00036281261408756027,-0.00028930712289056837
0.00038548840246803277,-0.0003403613210477275
0.0004081641908485053,0.00013614452841909097
0.0004308399792289778,1.701806605238637e-05
0.0004535157676094503,-4.2545165130965935e-05
0.0004761915559899229,8.509033026193186e-06
0.0004988673443703953,-0.00012763549539289779
0.0005215431327508679,0.00010849017108396313
0.0005442189211313404,-0.0005908459807562894
0.0005668947095118129,-1.2763549539289779e-05
0.0005895704978922854,-0.00011912646236670463
0.000612246286272758,-5.956323118335231e-05
0.0006349220746532304,0.0003233432549953411
0.000657597863033703,-0.00039141551920488654
0.0006802736514141755,-1.701806605238637e-05
0.000702949439794648,-1.701806605238637e-05
0.0007256252281751205,-0.0003403613210477275
0.0007483010165555931,-0.00020421679262863646
0.0007709768049360655,0.0
0.0007936525933165381,0.0
0.0008163283816970106,-0.00013614452841909097
0.0008390041700774831,-0.00010210839631431823
0.0008616799584579556,0.00010210839631431823
0.0008843557468384282,-6.807226420954549e-05
0.0009070315352189006,-0.00017018066052386374
0.0009297073235993732,-0.0003403613210477275
0.0009523831119798458,-6.807226420954549e-05
0.0009750589003603182,-0.00027228905683818194
0.0009977346887407906,-0.00027228905683818194
0.0010204104771212633,-0.00013614452841909097
0.0010430862655017358,0.0
0.0010657620538822082,-0.00013614452841909097
0.0010884378422626809,-0.00020421679262863646
0.0011111136306431533,0.0
0.0011337894190236258,0.0
0.0011564652074040984,-0.00020421679262863646
0.0011791409957845709,-0.00020421679262863646
0.0012018167841650433,-0.00013614452841909097
0.001224492572545516,-0.00020421679262863646
0.0012471683609259884,0.0
0.0012698441493064609,-0.00013614452841909097
0.0012925199376869335,-6.807226420954549e-05
0.001315195726067406,0.0
0.0013378715144478784,-6.807226420954549e-05
0.001360547302828351,-0.00020421679262863646
0.0013832230912088235,-0.0004084335852572729
0.001405898879589296,-0.00027228905683818194
0.0014285746679697686,-6.807226420954549e-05
0.001451250456350241,-0.00013614452841909097
0.0014739262447307135,-0.00020421679262863646
0.0014966020331111862,-0.00027228905683818194
0.0015192778214916586,6.807226420954549e-05
0.001541953609872131,-0.00027228905683818194
0.0015646293982526037,-6.807226420954549e-05
0.0015873051866330762,-0.00013614452841909097
0.0016099809750135486,-0.00013614452841909097
0.0016326567633940213,-0.00013614452841909097
0.0016553325517744937,-0.00020421679262863646
0.0016780083401549662,-0.00027228905683818194
0.0017006841285354389,-0.00013614452841909097
0.0017233599169159113,-0.00027228905683818194
0.0017460357052963837,-0.00020421679262863646
0.0017687114936768564,0.0
0.0017913872820573289,-0.0003403613210477275
0.0018140630704378013,0.0
0.001836738858818274,-0.0004084335852572729
0.0018594146471987464,-0.00027228905683818194
0.0018820904355792189,-0.00013614452841909097
0.0019047662239596915,-6.807226420954549e-05
0.001927442012340164,-0.0003403613210477275
0.0019501178007206364,0.00020421679262863646
0.001972793589101109,0.00013614452841909097
0.0019954693774815813,-0.0005445781136763639
0.002018145165862054,-0.00013614452841909097
0.0020408209542425266,-0.0003403613210477275
0.002063496742622999,0.00013614452841909097
0.0020861725310034715,-0.0005445781136763639
0.002108848319383944,0.0003403613210477275
0.0021315241077644164,0.0
0.002154199896144889,-0.00013614452841909097
0.0021768756845253617,6.807226420954549e-05
0.002199551472905834,-6.807226420954549e-05
0.0022222272612863066,-0.00020421679262863646
0.0022449030496667793,-0.00013614452841909097
0.0022675788380472515,-0.0003403613210477275
0.002290254626427724,-0.00013614452841909097
0.002312930414808197,-0.0003403613210477275
0.002335606203188669,-0.0003403613210477275
0.0023582819915691417,0.0003063251889429547
0.0023809577799496144,-0.0007147587742002277
0.0024036335683300866,0.00027228905683818194
0.0024263093567105593,0.0004765058494668185
0.002448985145091032,0.00013614452841909097
0.002471660933471504,-0.00023825292473340925
0.002494336721851977,6.807226420954549e-05
0.0025170125102324495,-8.509033026193187e-05
0.0025396882986129217,3.403613210477274e-05
0.0025623640869933944,3.403613210477274e-05
0.002585039875373867,0.00027228905683818194
0.0026077156637543393,0.0007658129723573867
0.002630391452134812,-0.0005956323118335231
0.0026530672405152846,4.679968164406253e-05
0.002675743028895757,0.0002020895343720882
0.0026984188172762295,0.0004866103261854229
0.002721094605656702,-0.00027228905683818194
0.0027437703940371744,0.0005786142457811367
0.002766446182417647,-0.00042545165130965934
0.0027891219707981197,0.0007487949063050004
0.002811797759178592,-0.00039141551920488654
0.0028344735475590646,0.0007828310384097731
0.0028571493359395373,-0.00039141551920488654
0.0028798251243200095,-0.00013614452841909097
0.002902500912700482,0.000680722642095455
0.002925176701080955,-0.00013614452841909097
0.002947852489461427,0.0004084335852572729
0.0029705282778418997,-0.00017018066052386374
0.0029932040662223724,0.0003063251889429547
0.0030158798546028446,-0.0003403613210477275
0.0030385556429833173,0.0004424697173620457
0.00306123143136379,-3.403613210477274e-05
0.003083907219744262,0.0006126503778859094
0.003106583008124735,-0.0004765058494668185
0.0031292587965052075,0.0006126503778859094
0.0031519345848856797,-0.0005445781136763639
0.0031746103732661524,0.000680722642095455
0.003197286161646625,-0.0003403613210477275
0.0032199619500270973,0.00020421679262863646
0.00324263773840757,6.807226420954549e-05
0.0032653135267880426,0.00013614452841909097
0.003287989315168515,0.00013614452841909097
0.0033106651035489875,0.0003403613210477275
0.00333334089192946,-6.807226420954549e-05
0.0033560166803099324,-6.807226420954549e-05
0.003378692468690405,0.0004765058494668185
0.0034013682570708777,-0.0003403613210477275
0.00342404404545135,0.0006126503778859094
0.0034467198338318226,-0.00013614452841909097
0.0034693956222122953,0.0004084335852572729
0.0034920714105927675,-6.807226420954549e-05
0.00351474719897324,0.0004765058494668185
0.003537422987353713,-0.00013614452841909097
0.003560098775734185,0.0004084335852572729
0.0035827745641146577,-0.00020421679262863646
0.0036054503524951304,0.0006126503778859094
0.0036281261408756026,0.0003403613210477275
0.0036508019292560753,6.807226420954549e-05
0.003673477717636548,-0.0003403613210477275
0.00369615350601702,6.807226420954549e-05
0.003718829294397493,0.00027228905683818194
0.0037415050827779655,0.00013614452841909097
0.0037641808711584377,0.0006126503778859094
0.0037868566595389104,0.00013614452841909097
0.003809532447919383,0.00020421679262863646
0.0038322082362998553,-0.00020421679262863646
0.003854884024680328,0.0007487949063050004
0.0038775598130608006,-0.0004084335852572729
0.003900235601441273,0.0005445781136763639
0.0039229113898217455,-0.0003403613210477275
0.003945587178202218,0.000680722642095455
0.003968262966582691,-0.0004084335852572729
0.003990938754963163,-0.00027228905683818194
0.004013614543343635,-6.807226420954549e-05
0.004036290331724108,0.0006126503778859094
0.004058966120104581,-0.00027228905683818194
0.004081641908485053,0.0004084335852572729
0.004104317696865526,0.0
0.004126993485245998,-0.0003403613210477275
0.00414966927362647,0.0003403613210477275
0.004172345062006943,-0.00027228905683818194
0.004195020850387416,0.0004765058494668185
0.004217696638767888,0.0
0.004240372427148361,0.00020421679262863646
0.004263048215528833,-0.000680722642095455
0.0042857240039093055,0.000680722642095455
0.004308399792289778,-0.0004765058494668185
0.004331075580670251,0.0005445781136763639
0.0043537513690507235,-0.0006126503778859094
0.004376427157431196,0.000680722642095455
0.004399102945811668,0.0005445781136763639
0.004421778734192141,-0.0003403613210477275
0.004444454522572613,0.00020421679262863646
0.004467130310953086,-0.00013614452841909097
0.004489806099333559,0.0003403613210477275
0.004512481887714031,-0.0004424697173620457
0.004535157676094503,0.0003063251889429547
0.004557833464474976,-0.0006466865099906822
0.004580509252855448,0.0003063251889429547
0.004603185041235921,-0.0008168671705145458
0.004625860829616394,0.0007828310384097731
0.004648536617996866,-0.0003063251889429547
0.004671212406377338,-0.00022123485868102286
0.004693888194757811,0.00015316259447147734
0.0047165639831382835,-0.00025527099078579557
0.004739239771518756,0.00025527099078579557
0.004761915559899229,0.00017018066052386374
0.0047845913482797015,-5.956323118335231e-05
0.004807267136660173,-0.0002680345403250854
0.004829942925040646,0.00012125372062325291
0.004852618713421119,-0.0005717006564473547
0.004875294501801591,0.00038290648617869336
0.004897970290182064,-0.0003063251889429547
0.0049206460785625366,0.00022974389170721604
0.004943321866943008,-0.00028930712289056837
0.004965997655323481,-0.00028930712289056837
0.004988673443703954,-5.1054198157159114e-05
0.005011349232084426,6.807226420954549e-05
0.005034025020464899,3.403613210477274e-05
0.005056700808845372,0.00010210839631431823
0.0050793765972258435,6.807226420954549e-05
0.005102052385606316,-0.00020421679262863646
0.005124728173986789,0.00020421679262863646
0.0051474039623672614,-0.00023825292473340925
0.005170079750747734,-0.00020421679262863646
0.005192755539128207,-0.0003063251889429547
0.005215431327508679,3.403613210477274e-05
0.005238107115889151,-6.807226420954549e-05
0.005260782904269624,-0.00013614452841909097
0.0052834586926500966,-6.807226420954549e-05
0.005306134481030569,-0.00013614452841909097
0.005328810269411042,-0.00020421679262863646
0.005351486057791514,-0.00020421679262863646
0.005374161846171986,-0.00013614452841909097
0.005396837634552459,-0.00020421679262863646
0.005419513422932932,-0.00013614452841909097
0.005442189211313404,-0.0003403613210477275
0.005464864999693877,-0.00020421679262863646
0.005487540788074349,0.0
0.0055102165764548214,-0.00027228905683818194
0.005532892364835294,-0.00027228905683818194
0.005555568153215767,-0.00013614452841909097
0.0055782439415962394,-0.00027228905683818194
0.005600919729976712,-0.00013614452841909097
0.005623595518357184,-0.00020421679262863646
0.0056462713067376566,-0.00027228905683818194
0.005668947095118129,-0.00013614452841909097
0.005691622883498602,-6.807226420954549e-05
0.0057142986718790745,-0.00027228905683818194
0.005736974460259547,-0.00013614452841909097
0.005759650248640019,-6.807226420954549e-05
0.005782326037020492,-0.00027228905683818194
0.005805001825400964,-0.00013614452841909097
0.005827677613781437,-6.807226420954549e-05
0.00585035340216191,-0.00027228905683818194
0.0058730291905423814,-6.807226420954549e-05
0.005895704978922854,-0.00020421679262863646
0.005918380767303327,-6.807226420954549e-05
0.0059410565556837994,0.0
0.005963732344064272,0.0
0.005986408132444745,-0.00013614452841909097
0.0060090839208252166,-0.0003403613210477275
0.006031759709205689,-0.0003403613210477275
0.006054435497586162,0.0
0.0060771112859666345,-0.00020421679262863646
0.006099787074347107,0.0
0.00612246286272758,0.0
0.006145138651108052,-6.807226420954549e-05
0.006167814439488524,-0.00013614452841909097
0.006190490227868997,-0.00013614452841909097
0.00621316601624947,-6.807226420954549e-05
0.006235841804629942,6.807226420954549e-05
0.006258517593010415,-6.807226420954549e-05
0.006281193381390887,-6.807226420954549e-05
0.0063038691697713594,-0.00020421679262863646
0.006326544958151832,0.0
0.006349220746532305,-0.0004084335852572729
0.006371896534912777,-0.00020421679262863646
0.00639457232329325,6.807226420954549e-05
0.006417248111673722,-6.807226420954549e-05
0.0064399239000541945,-6.807226420954549e-05
0.006462599688434667,-0.00027228905683818194
0.00648527547681514,-0.00013614452841909097
0.0065079512651956125,-0.00020421679262863646
0.006530627053576085,-6.807226420954549e-05
0.006553302841956557,-0.00020421679262863646
0.00657597863033703,-0.00013614452841909097
0.006598654418717502,6.807226420954549e-05
0.006621330207097975,-0.00013614452841909097
0.006644005995478448,-0.00017018066052386374
0.00666668178385892,0.0
0.006689357572239392,0.0
0.006712033360619865,-6.807226420954549e-05
0.006734709149000337,-0.0003403613210477275
0.00675738493738081,-0.00013614452841909097
0.006780060725761283,0.0
0.006802736514141755,-0.00013614452841909097
0.006825412302522227,-5.1054198157159114e-05
0.0068480880909027,0.00011912646236670463
0.0068707638792831725,6.807226420954549e-05
0.006893439667663645,0.0
0.006916115456044118,-1.701806605238637e-05
0.0069387912444245905,0.00011912646236670463
0.006961467032805062,-6.381774769644889e-05
0.006984142821185535,-0.00016379888575421882
0.007006818609566008,0.00012019009149497875
0.00702949439794648,0.00014465356144528418
0.007052170186326953,0.00022123485868102286
0.007074845974707426,-0.00017018066052386374
0.007097521763087897,0.00017018066052386374
0.00712019755146837,0.00015316259447147734
0.007142873339848843,-0.00015316259447147734
0.007165549128229315,0.00039141551920488654
0.007188224916609788,0.00017018066052386374
0.007210900704990261,0.0
0.0072335764933707325,3.403613210477274e-05
0.007256252281751205,0.00010210839631431823
0.007278928070131678,0.0003063251889429547
0.0073016038585121505,0.00017018066052386374
0.007324279646892623,0.00023825292473340925
0.007346955435273096,6.807226420954549e-05
0.007369631223653568,0.00010210839631431823
0.00739230701203404,0.00013614452841909097
0.007414982800414513,0.00027228905683818194
0.007437658588794986,0.00020421679262863646
0.007460334377175458,0.00027228905683818194
0.007483010165555931,0.00013614452841909097
0.007505685953936403,0.00020421679262863646
0.007528361742316875,0.00020421679262863646
0.007551037530697348,0.00020421679262863646
0.007573713319077821,0.00020421679262863646
0.007596389107458293,6.807226420954549e-05
0.007619064895838766,0.00027228905683818194
0.007641740684219238,0.00020421679262863646
0.0076644164725997105,0.0003403613210477275
0.007687092260980183,0.00020421679262863646
0.007709768049360656,0.00027228905683818194
0.0077324438377411285,0.00013614452841909097
0.007755119626121601,0.0011572284915622735
0.007777795414502073,0.0012933730199813644
0.007800471202882546,-0.0007487949063050004
0.00782314699126302,0.00020421679262863646
0.007845822779643491,0.0011572284915622735
0.007868498568023963,0.0010210839631431823
0.007891174356404436,-0.000680722642095455
0.007913850144784908,-0.0008168671705145458
0.007936525933165382,0.0010210839631431823
0.007959201721545853,0.0010210839631431823
0.007981877509926325,0.0008849394347240914
0.008004553298306799,-0.000680722642095455
0.00802722908668727,0.00013614452841909097
0.008049904875067744,0.000953011698933637
0.008072580663448216,6.807226420954549e-05
0.00809525645182869,-0.0004765058494668185
0.008117932240209161,0.00013614452841909097
0.008140608028589633,6.807226420954549e-05
0.008163283816970106,0.00020421679262863646
0.008185959605350578,0.00013614452841909097
0.008208635393731052,0.00020421679262863646
0.008231311182111524,0.00013614452841909097
0.008253986970491995,0.0005445781136763639
0.008276662758872469,0.00020421679262863646
0.00829933854725294,-0.0003403613210477275
0.008322014335633414,0.00027228905683818194
0.008344690124013886,0.0008168671705145458
0.00836736591239436,0.00013614452841909097
0.008390041700774831,-0.00013614452841909097
0.008412717489155303,-0.00027228905683818194
0.008435393277535777,0.000680722642095455
0.008458069065916249,0.00013614452841909097
0.008480744854296722,-0.00013614452841909097
0.008503420642677194,-0.00020421679262863646
0.008526096431057666,-6.807226420954549e-05
0.00854877221943814,0.00020421679262863646
0.008571448007818611,0.00013614452841909097
0.008594123796199084,-6.807226420954549e-05
0.008616799584579556,0.00020421679262863646
0.00863947537296003,-0.00020421679262863646
0.008662151161340502,0.00013614452841909097
0.008684826949720973,6.807226420954549e-05
0.008707502738101447,0.0
0.008730178526481919,-6.807226420954549e-05
0.008752854314862392,-6.807226420954549e-05
0.008775530103242864,0.00013614452841909097
0.008798205891623336,0.0004424697173620457
0.00882088168000381,0.0010551200952479552
0.008843557468384281,-0.0005786142457811367
0.008866233256764755,0.00020421679262863646
0.008888909045145226,0.0003403613210477275
0.008911584833525698,0.0004424697173620457
0.008934260621906172,-0.000680722642095455
0.008956936410286644,-0.0006466865099906822
0.008979612198667117,0.0003403613210477275
0.009002287987047589,0.0005105419815715911
0.009024963775428062,-0.0006126503778859094
0.009047639563808534,-0.0005786142457811367
0.009070315352189006,-0.001004065897090796
0.00909299114056948,0.0010295929961693755
0.009115666928949951,0.0006254139274251993
0.009138342717330425,-0.0008338852365669323
0.009161018505710897,-0.0007897446277435553
0.009183694294091369,-0.000867921368671705
0.009206370082471842,0.0003403613210477275
0.009229045870852314,0.00042545165130965934
0.009251721659232787,-0.0006126503778859094
0.00927439744761326,-0.0006126503778859094
0.009297073235993733,0.0005275600476239776
0.009319749024374204,-0.0012082826897194324
0.009342424812754676,-0.0009189755668288642
0.00936510060113515,0.0007147587742002277
0.009387776389515622,0.0007147587742002277
0.009410452177896095,-0.0008509033026193187
0.009433127966276567,-0.0012253007557718187
0.009455803754657039,-0.0010551200952479552
0.009478479543037512,0.0008168671705145458
0.009501155331417984,0.0005786142457811367
0.009523831119798458,-0.0013954814162956827
0.00954650690817893,-0.0004765058494668185
0.009569182696559403,0.000953011698933637
0.009591858484939875,0.0
0.009614534273320346,-0.00020421679262863646
0.00963721006170082,-0.0003403613210477275
0.009659885850081292,-0.0004084335852572729
0.009682561638461765,-6.807226420954549e-05
0.009705237426842237,-0.00013614452841909097
0.009727913215222709,-0.00027228905683818194
0.009750589003603182,-6.807226420954549e-05
0.009773264791983654,0.0010210839631431823
0.009795940580364128,-0.0003403613210477275
0.0098186163687446,-0.0011572284915622735
0.009841292157125073,6.807226420954549e-05
0.009863967945505545,0.0008168671705145458
0.009886643733886017,0.0007487949063050004
0.00990931952226649,-0.0022463847189150015
0.009931995310646962,-0.0021783124547054555
0.009954671099027436,0.0017698788694481828
0.009977346887407907,0.0018379511336577283
0.01000002267578838,-0.0007487949063050004
0.010022698464168853,-0.0021102401904959105
0.010045374252549324,0.0003403613210477275
0.010068050040929798,0.0016337343410290917
0.01009072582931027,-0.000680722642095455
0.010113401617690743,0.0005445781136763639
0.010136077406071215,0.0003403613210477275
0.010158753194451687,0.0004765058494668185
0.01018142898283216,-0.000680722642095455
0.010204104771212632,-0.000953011698933637
0.010226780559593106,0.0005445781136763639
0.010249456347973578,0.0007487949063050004
0.01027213213635405,0.0012933730199813644
0.010294807924734523,-0.0008849394347240914
0.010317483713114995,-0.0014295175484004554
0.010340159501495468,0.000953011698933637
0.01036283528987594,0.0012253007557718187
0.010385511078256414,-0.0014295175484004554
0.010408186866636885,-0.0012253007557718187
0.010430862655017357,-0.0010891562273527278
0.01045353844339783,0.0008168671705145458
0.010476214231778302,0.0008849394347240914
0.010498890020158776,-0.0010210839631431823
0.010521565808539248,-0.0007487949063050004
0.01054424159691972,0.0010891562273527278
0.010566917385300193,-0.0010210839631431823
0.010589593173680665,-0.0010891562273527278
0.010612268962061138,0.0007487949063050004
0.01063494475044161,0.0012253007557718187
0.010657620538822084,-0.0010891562273527278
0.010680296327202556,-0.0011572284915622735
0.010702972115583027,-0.0011572284915622735
0.010725647903963501,0.0012933730199813644
0.010748323692343973,0.0010210839631431823
0.010770999480724446,-0.0011572284915622735
0.010793675269104918,-6.807226420954549e-05
0.01081635105748539,6.807226420954549e-05
0.010839026845865863,-0.0004084335852572729
0.010861702634246335,-0.0003403613210477275
0.010884378422626809,0.0003403613210477275
0.01090705421100728,0.0004765058494668185
0.010929729999387754,-0.0006126503778859094
0.010952405787768226,-0.0005105419815715911
0.010975081576148698,-0.0004765058494668185
0.010997757364529171,0.0011231923594575007
0.011020433152909643,0.0008509033026193187
0.011043108941290116,-0.0010210839631431823
0.011065784729670588,-0.0008168671705145458
0.01108846051805106,-0.000953011698933637
0.011111136306431534,0.0010891562273527278
0.011133812094812005,-0.0012082826897194324
0.011156487883192479,-0.0014465356144528416
0.01117916367157295,0.0011231923594575007
0.011201839459953424,0.00154864401076716
0.011224515248333896,-0.0013103910860337506
0.011247191036714368,-0.0010891562273527278
0.011269866825094841,0.0013231546355730408
0.011292542613475313,0.0014997170708665492
0.011315218401855787,-0.0012891185034682678
0.011337894190236258,-0.0014380265814266484
0.01136056997861673,-0.0013869723832694895
0.011383245766997204,0.00173584273734341
0.011405921555377676,0.00173584273734341
0.011428597343758149,-0.0016507524070814782
0.011451273132138621,-0.0017188246712910237
0.011473948920519094,0.00173584273734341
0.011496624708899566,0.0021442763226006832
0.011519300497280038,0.002008131794181592
0.011541976285660512,-0.00173584273734341
0.011564652074040983,-0.0018719872657625013
0.011587327862421457,0.002008131794181592
0.011610003650801929,0.0022123485868102283
0.0116326794391824,-0.0017018066052386374
0.011655355227562874,-0.0017698788694481828
0.011678031015943346,0.0020421679262863646
0.01170070680432382,0.0021783124547054555
0.011723382592704291,-0.0018379511336577283
0.011746058381084763,-0.0019740956620768195
0.011768734169465236,0.0023825292473340924
0.011791409957845708,0.002314456983124547
0.011814085746226182,-0.0019740956620768195
0.011836761534606654,-0.0020421679262863646
0.011859437322987127,0.0023825292473340924
0.011882113111367599,0.0022463847189150015
0.01190478889974807,0.0022463847189150015
0.011927464688128544,-0.0018379511336577283
0.011950140476509016,-0.001906023397867274
0.01197281626488949,0.002314456983124547
0.011995492053269961,0.002314456983124547
0.012018167841650433,0.0022463847189150015
0.012040843630030907,-0.001906023397867274
0.012063519418411378,-0.0017018066052386374
0.012086195206791852,0.0021102401904959105
0.012108870995172324,0.0023825292473340924
0.012131546783552797,-0.0016337343410290917
0.012154222571933269,0.0021783124547054555
0.012176898360313741,0.0019740956620768195
0.012199574148694214,-0.0017698788694481828
0.012222249937074686,-0.0016337343410290917
0.01224492572545516,0.001906023397867274
0.012267601513835632,0.0020421679262863646
0.012290277302216103,0.0019740956620768195
0.012312953090596577,-0.001497589812610001
0.012335628878977049,-0.0014295175484004554
0.012358304667357522,0.0017018066052386374
0.012380980455737994,0.0016337343410290917
0.012403656244118468,-0.0012253007557718187
0.01242633203249894,-0.0012933730199813644
0.012449007820879411,-0.0010891562273527278
0.012471683609259885,0.0015656620768195462
0.012494359397640356,0.0012933730199813644
0.01251703518602083,-0.0011572284915622735
0.012539710974401302,-0.0010210839631431823
0.012562386762781774,-0.0008168671705145458
0.012585062551162247,0.0012253007557718187
0.012607738339542719,-0.0007487949063050004
0.012630414127923192,-0.0007487949063050004
0.012653089916303664,0.000953011698933637
0.012675765704684138,0.0010210839631431823
0.01269844149306461,-0.0006126503778859094
0.012721117281445081,-0.0006126503778859094
0.012743793069825555,0.0008168671705145458
0.012766468858206027,0.0005445781136763639
0.0127891446465865,-0.0004765058494668185
0.012811820434966972,-0.0003403613210477275
0.012834496223347444,-0.00027228905683818194
0.012857172011727917,0.0004765058494668185
0.012879847800108389,6.807226420954549e-05
0.012902523588488863,-0.00013614452841909097
0.012925199376869334,0.00027228905683818194
0.012947875165249808,0.0
0.01297055095363028,0.0
0.012993226742010752,-0.0003403613210477275
0.013015902530391225,0.00020421679262863646
0.013038578318771697,0.0003403613210477275
0.01306125410715217,-0.0004765058494668185
0.013083929895532642,-0.0004084335852572729
0.013106605683913114,0.0006466865099906822
0.013129281472293588,0.0004765058494668185
0.01315195726067406,-0.0008168671705145458
0.013174633049054533,-0.0007487949063050004
0.013197308837435005,0.0006466865099906822
0.013219984625815478,-0.0007147587742002277
0.01324266041419595,-0.000953011698933637
0.013265336202576422,-0.0009189755668288642
0.013288011990956895,0.0010891562273527278
0.013310687779337367,0.001004065897090796
0.01333336356771784,-0.0010210839631431823
0.013356039356098312,-0.00136144528419091
0.013378715144478784,-0.001276354953928978
0.013401390932859258,0.0010891562273527278
0.01342406672123973,0.0012125372062325292
0.013446742509620203,-0.0014465356144528416
0.013469418298000675,-0.0012992229801868723
0.013492094086381148,0.0013742088337301995
0.01351476987476162,0.0015316259447147734
0.013537445663142092,0.0014210085153742622
0.013560121451522565,-0.00173584273734341
0.013582797239903037,-0.0017698788694481828
0.01360547302828351,0.0015826801428719328
0.013628148816663983,0.001820933067605342
0.013650824605044454,-0.001906023397867274
0.013673500393424928,0.0016337343410290917
0.0136961761818054,0.0017698788694481828
0.013718851970185873,-0.0020421679262863646
0.013741527758566345,-0.002280420851019774
0.013764203546946819,0.0019740956620768195
0.01378687933532729,0.001906023397867274
0.013809555123707762,0.0017698788694481828
0.013832230912088236,-0.0020421679262863646
0.013854906700468708,-0.002314456983124547
0.013877582488849181,0.0019740956620768195
0.013900258277229653,0.0019740956620768195
0.013922934065610125,0.0019740956620768195
0.013945609853990598,-0.0023825292473340924
0.01396828564237107,-0.0020421679262863646
0.013990961430751543,0.0019740956620768195
0.014013637219132015,0.0019740956620768195
0.014036313007512489,-0.002314456983124547
0.01405898879589296,-0.0022463847189150015
0.014081664584273432,-0.0022463847189150015
0.014104340372653906,0.0019740956620768195
0.014127016161034378,-0.002314456983124547
0.014149691949414851,-0.002314456983124547
0.014172367737795323,0.0019740956620768195
0.014195043526175795,0.0017018066052386374
0.014217719314556268,-0.0021102401904959105
0.01424039510293674,-0.0021783124547054555
0.014263070891317214,0.0017018066052386374
0.014285746679697685,0.0017698788694481828
0.014308422468078159,-0.0019740956620768195
0.01433109825645863,-0.0021783124547054555
0.014353774044839103,-0.0021783124547054555
0.014376449833219576,0.0017018066052386374
0.014399125621600048,0.0016337343410290917
0.014421801409980521,-0.0019740956620768195
0.014444477198360993,-0.001906023397867274
0.014467152986741465,-0.001906023397867274
0.014489828775121939,0.0014295175484004554
0.01451250456350241,0.0014295175484004554
0.014535180351882884,-0.0017018066052386374
0.014557856140263356,-0.0017018066052386374
0.014580531928643828,0.0012933730199813644
0.014603207717024301,0.0012253007557718187
0.014625883505404773,-0.00136144528419091
0.014648559293785246,-0.00136144528419091
0.014671235082165718,0.0010210839631431823
0.014693910870546192,-0.0012253007557718187
0.014716586658926663,-0.0010891562273527278
0.014739262447307135,-0.0011572284915622735
0.014761938235687609,0.0007487949063050004
0.01478461402406808,0.000680722642095455
0.014807289812448554,-0.000953011698933637
0.014829965600829026,-0.0008168671705145458
0.014852641389209498,-0.0008168671705145458
0.014875317177589971,0.0004765058494668185
0.014897992965970443,0.0004084335852572729
0.014920668754350917,-0.0006126503778859094
0.014943344542731388,-0.0008849394347240914
0.014966020331111862,0.00027228905683818194
0.014988696119492334,0.00027228905683818194
0.015011371907872805,6.807226420954549e-05
0.015034047696253279,-0.00027228905683818194
0.01505672348463375,-0.00027228905683818194
0.015079399273014224,-6.807226420954549e-05
0.015102075061394696,-0.00027228905683818194
0.015124750849775168,-0.00020421679262863646
0.015147426638155641,-0.0004084335852572729
0.015170102426536113,-0.0003403613210477275
0.015192778214916587,0.00027228905683818194
0.015215454003297059,0.0003403613210477275
0.015238129791677532,-0.00020421679262863646
0.015260805580058004,-0.000680722642095455
0.015283481368438476,-0.0005445781136763639
0.01530615715681895,0.0007828310384097731
0.015328832945199421,0.0004765058494668185
0.015351508733579895,-0.0008849394347240914
0.015374184521960366,-0.0007147587742002277
0.015396860310340838,-0.0009189755668288642
0.015419536098721312,0.0010891562273527278
0.015442211887101783,0.000680722642095455
0.015464887675482257,-0.0009019575007764778
0.015487563463862729,-0.0011231923594575007
0.015510239252243202,0.0011912646236670462
0.015532915040623674,0.0014295175484004554
0.015555590829004146,0.0013529362511647165
0.01557826661738462,-0.0012210462392587224
0.015600942405765091,0.0016018254671808676
0.015623618194145565,0.0015479792425619888
0.01564629398252604,-0.0018294421006315351
0.01566896977090651,-0.0014210085153742622
0.015691645559286982,0.0017443517703696033
0.015714321347667454,0.0016677704731338646
0.015736997136047925,0.001906023397867274
0.0157596729244284,0.001820933067605342
0.015782348712808873,0.00192304146391966
0.015805024501189344,0.0018719872657625013
0.015827700289569816,0.0019400595299720466
0.015850376077950288,0.0018379511336577283
0.015873051866330763,0.0017698788694481828
0.015895727654711235,0.0018719872657625013
0.015918403443091707,0.0021102401904959105
0.01594107923147218,0.0021442763226006832
0.01596375501985265,0.002280420851019774
0.015986430808233126,0.002314456983124547
0.016009106596613597,0.0022463847189150015
0.01603178238499407,0.0022463847189150015
0.01605445817337454,-0.001906023397867274
0.016077133961755013,-0.001906023397867274
0.016099809750135488,0.0021102401904959105
0.01612248553851596,0.0021783124547054555
0.01614516132689643,-0.0017698788694481828
0.016167837115276903,-0.0020421679262863646
0.01619051290365738,0.0022463847189150015
0.01621318869203785,-0.0020421679262863646
0.016235864480418322,-0.0017698788694481828
0.016258540268798794,-0.0019740956620768195
0.016281216057179266,-0.001906023397867274
0.01630389184555974,-0.0018379511336577283
0.016326567633940213,-0.001906023397867274
0.016349243422320685,-0.0019740956620768195
0.016371919210701157,-0.0018379511336577283
0.01639459499908163,-0.001906023397867274
0.016417270787462104,-0.0017698788694481828
0.016439946575842575,-0.0018379511336577283
0.016462622364223047,-0.0017018066052386374
0.01648529815260352,-0.0016337343410290917
0.01650797394098399,0.0020421679262863646
0.016530649729364466,-0.0017018066052386374
0.016553325517744938,-0.001497589812610001
0.01657600130612541,-0.001497589812610001
0.01659867709450588,0.0018379511336577283
0.016621352882886353,0.0017018066052386374
0.01664402867126683,-0.001497589812610001
0.0166667044596473,0.0017018066052386374
0.016689380248027772,0.0017698788694481828
0.016712056036408244,0.0016337343410290917
0.01673473182478872,-0.0012933730199813644
0.01675740761316919,0.0016337343410290917
0.016780083401549663,0.00136144528419091
0.016802759189930135,0.0012253007557718187
0.016825434978310606,0.0014295175484004554
0.01684811076669108,0.0012933730199813644
0.016870786555071553,0.0011572284915622735
0.016893462343452025,0.0010210839631431823
0.016916138131832497,0.0008168671705145458
0.01693881392021297,0.0011572284915622735
0.016961489708593444,0.0008168671705145458
0.016984165496973916,0.0008849394347240914
0.017006841285354388,0.0007487949063050004
0.01702951707373486,0.0008168671705145458
0.01705219286211533,-0.0003403613210477275
0.017074868650495807,0.0006126503778859094
0.01709754443887628,0.0004084335852572729
0.01712022022725675,-0.00027228905683818194
0.017142896015637222,-0.00027228905683818194
0.017165571804017694,-0.0004084335852572729
0.01718824759239817,0.0004084335852572729
0.01721092338077864,-6.807226420954549e-05
0.017233599169159113,-6.807226420954549e-05
0.017256274957539584,0.00020421679262863646
0.01727895074592006,0.0
0.01730162653430053,0.00020421679262863646
0.017324302322681003,0.0005445781136763639
0.017346978111061475,0.00027228905683818194
0.017369653899441947,0.0004084335852572729
0.017392329687822422,0.0007487949063050004
0.017415005476202894,0.0007828310384097731
0.017437681264583366,0.0006126503778859094
0.017460357052963837,0.0006466865099906822
0.01748303284134431,0.0007487949063050004
0.017505708629724785,0.0010210839631431823
0.017528384418105256,0.0008168671705145458
0.017551060206485728,0.0010891562273527278
0.0175737359948662,-0.0011572284915622735
0.01759641178324667,-0.000680722642095455
0.017619087571627147,0.0010721381613003416
0.01764176336000762,0.0013444272181385233
0.01766443914838809,-0.0011742465576146598
0.017687114936768562,-0.00136144528419091
0.017709790725149034,-0.001497589812610001
0.01773246651352951,-0.0012678459209027849
0.01775514230190998,-0.0015316259447147734
0.017777818090290453,-0.0016290144867723753
0.017800493878670925,-0.0013997359328087793
0.017823169667051397,-0.001684788539186251
0.017845845455431872,-0.0017103156382648305
0.017868521243812344,-0.0017698788694481828
0.017891197032192815,-0.0016167162749767055
0.017913872820573287,-0.0017698788694481828
0.017936548608953762,-0.0019400595299720466
0.017959224397334234,-0.0016677704731338646
0.017981900185714706,-0.001906023397867274
0.018004575974095178,-0.0019740956620768195
0.01802725176247565,0.00173584273734341
0.018049927550856125,-0.0021102401904959105
0.018072603339236597,-0.0019740956620768195
0.01809527912761707,-0.0020762040583911373
0.01811795491599754,0.0019740956620768195
0.018140630704378012,0.0018719872657625013
0.018163306492758487,-0.0022463847189150015
0.01818598228113896,0.0020421679262863646
0.01820865806951943,0.0018379511336577283
0.018231333857899903,0.001906023397867274
0.018254009646280375,0.0019740956620768195
0.01827668543466085,0.0021102401904959105
0.01829936122304132,0.0019740956620768195
0.018322037011421793,0.0020421679262863646
0.018344712799802265,0.001906023397867274
0.018367388588182737,0.001906023397867274
0.018390064376563212,0.0019740956620768195
0.018412740164943684,0.0019740956620768195
0.018435415953324156,0.0018379511336577283
0.018458091741704628,0.0018379511336577283
0.018480767530085103,0.0017018066052386374
0.018503443318465575,0.001906023397867274
0.018526119106846047,0.0017698788694481828
0.01854879489522652,0.0018379511336577283
0.01857147068360699,-0.00136144528419091
0.018594146471987465,0.0016337343410290917
0.018616822260367937,0.0017698788694481828
0.01863949804874841,-0.001497589812610001
0.01866217383712888,-0.0014295175484004554
0.018684849625509353,-0.0012933730199813644
0.018707525413889828,0.001497589812610001
0.0187302012022703,-0.001497589812610001
0.01875287699065077,-0.0016337343410290917
0.018775552779031243,-0.001497589812610001
0.018798228567411715,-0.0015656620768195462
0.01882090435579219,-0.0017018066052386374
0.018843580144172662,-0.0017018066052386374
0.018866255932553134,-0.0018379511336577283
0.018888931720933606,-0.0017018066052386374
0.018911607509314077,-0.0016337343410290917
0.018934283297694553,-0.0017018066052386374
0.018956959086075025,-0.0018379511336577283
0.018979634874455496,-0.0017698788694481828
0.019002310662835968,-0.0017698788694481828
0.019024986451216443,-0.0018379511336577283
0.019047662239596915,-0.0017698788694481828
0.019070338027977387,-0.001497589812610001
0.01909301381635786,0.0006126503778859094
0.01911568960473833,0.0007487949063050004
0.019138365393118806,-0.0017018066052386374
0.019161041181499278,-0.0019740956620768195
0.01918371696987975,0.0004765058494668185
0.01920639275826022,0.0005445781136763639
0.019229068546640693,0.0004765058494668185
0.019251744335021168,0.0004765058494668185
0.01927442012340164,-0.001497589812610001
0.019297095911782112,-0.0014295175484004554
0.019319771700162584,-0.0016337343410290917
0.019342447488543055,-0.001497589812610001
0.01936512327692353,-0.0015656620768195462
0.019387799065304002,-0.0014295175484004554
0.019410474853684474,-0.001497589812610001
0.019433150642064946,-0.0016337343410290917
0.019455826430445418,-0.001497589812610001
0.019478502218825893,-0.0016337343410290917
0.019501178007206365,-0.0017018066052386374
0.019523853795586837,-0.0016337343410290917
0.01954652958396731,-0.0012933730199813644
0.019569205372347784,-0.0018039150015529556
0.019591881160728256,-0.0016337343410290917
0.019614556949108727,-0.0012593368878765917
0.0196372327374892,-0.0012933730199813644
0.01965990852586967,-0.0011572284915622735
0.019682584314250146,-0.0017698788694481828
0.019705260102630618,-0.0012933730199813644
0.01972793589101109,-0.000953011698933637
0.01975061167939156,-0.0007487949063050004
0.019773287467772033,-0.0010210839631431823
0.01979596325615251,0.0011231923594575007
0.01981863904453298,0.0007828310384097731
0.019841314832913452,0.0008338852365669323
0.019863990621293924,0.0006977407081478413
0.019886666409674396,0.0009189755668288642
0.01990934219805487,-0.0020847130914173305
0.019932017986435343,-0.001786531312987725
0.019954693774815815,-0.0017911514520136658
0.019977369563196287,-0.001820933067605342
0.02000004535157676,-0.0016082072419505123
0.020022721139957234,0.0011572284915622735
0.020045396928337705,0.001004065897090796
0.020068072716718177,-0.0012253007557718187
0.02009074850509865,-0.0011742465576146598
0.020113424293479124,-0.0011912646236670462
0.020136100081859596,-0.0011572284915622735
0.020158775870240068,-0.0010210839631431823
0.02018145165862054,-0.0009870478310384098
0.02020412744700101,-0.0011912646236670462
0.020226803235381487,-0.0008849394347240914
0.02024947902376196,-0.0008168671705145458
0.02027215481214243,-0.0009189755668288642
0.020294830600522902,-0.0007147587742002277
0.020317506388903374,-0.0007487949063050004
0.02034018217728385,0.0010210839631431823
0.02036285796566432,0.0010210839631431823
0.020385533754044793,0.000953011698933637
0.020408209542425264,0.000953011698933637
0.020430885330805736,0.0010210839631431823
0.02045356111918621,0.0010891562273527278
0.020476236907566683,0.000953011698933637
0.020498912695947155,0.0010210839631431823
0.020521588484327627,0.000953011698933637
0.0205442642727081,0.0011572284915622735
0.020566940061088574,0.0010210839631431823
0.020589615849469046,0.0008849394347240914
0.020612291637849518,0.000680722642095455
0.02063496742622999,0.000680722642095455
0.02065764321461046,0.0007487949063050004
0.020680319002990936,0.0019740956620768195
0.020702994791371408,0.0018379511336577283
0.02072567057975188,0.001906023397867274
0.020748346368132352,0.0019740956620768195
0.020771022156512827,0.0005445781136763639
0.0207936979448933,0.0005445781136763639
0.02081637373327377,0.0004084335852572729
0.020839049521654242,0.0004084335852572729
0.020861725310034714,0.0004084335852572729
0.02088440109841519,0.00272289056838182
0.02090707688679566,0.0027909628325913653
0.020929752675176133,0.0029271073610104567
0.020952428463556605,0.002859035096800911
0.020975104251937077,0.000953011698933637
0.020997780040317552,6.807226420954549e-05
0.021020455828698024,0.00027228905683818194
0.021043131617078496,0.00020421679262863646
0.021065807405458967,0.0006126503778859094
0.02108848319383944,0.000680722642095455
0.021111158982219914,0.0032674686820581833
0.021133834770600386,0.0005445781136763639
0.021156510558980858,0.000680722642095455
0.02117918634736133,0.0006126503778859094
0.0212018621357418,0.0005445781136763639
0.021224537924122277,0.0005445781136763639
0.02124721371250275,0.000680722642095455
0.02126988950088322,0.0007487949063050004
0.021292565289263692,0.0004084335852572729
0.021315241077644168,0.0003403613210477275
0.02133791686602464,0.0003403613210477275
0.02136059265440511,0.0003403613210477275
0.021383268442785583,0.0004084335852572729
0.021405944231166055,0.0005445781136763639
0.02142862001954653,0.0004765058494668185
0.021451295807927002,0.00027228905683818194
0.021473971596307474,0.00020421679262863646
0.021496647384687945,0.0003403613210477275
0.021519323173068417,0.0021783124547054555
0.021541998961448892,0.00027228905683818194
0.021564674749829364,-0.00020421679262863646
0.021587350538209836,-0.0017698788694481828
0.021610026326590308,-0.0019740956620768195
0.02163270211497078,-0.0017698788694481828
0.021655377903351255,-6.807226420954549e-05
0.021678053691731727,0.002314456983124547
0.0217007294801122,0.0021102401904959105
0.02172340526849267,0.0022123485868102283
0.021746081056873142,0.0020421679262863646
0.021768756845253617,-0.0014635536805052284
0.02179143263363409,-0.0015656620768195462
0.02181410842201456,-0.0016337343410290917
0.021836784210395033,-0.0018039150015529556
0.021859459998775508,0.0023825292473340924
0.02188213578715598,0.0022123485868102283
0.02190481157553645,0.00272289056838182
0.021927487363916923,0.0021102401904959105
0.021950163152297395,0.002195330520757842
0.02197283894067787,-0.0011572284915622735
0.021995514729058342,-0.0010551200952479552
0.022018190517438814,-0.0009870478310384098
0.022040866305819286,-0.00114871945853608
0.022063542094199758,-0.0012295552722849153
0.022086217882580233,0.00243012665082436
0.022108893670960705,0.0019124051726369187
0.022131569459341176,0.001991113728129206
0.022154245247721648,0.0020421679262863646
0.02217692103610212,0.0019400595299720466
0.022199596824482595,-0.0006126503778859094
0.022222272612863067,-0.0005615961797287504
0.02224494840124354,-0.0006126503778859094
0.02226762418962401,0.0017698788694481828
0.022290299978004482,0.0014635536805052284
0.022312975766384958,0.0017018066052386374
0.02233565155476543,0.0016337343410290917
0.0223583273431459,-0.00023825292473340925
0.022381003131526373,3.403613210477274e-05
0.02240367891990685,-0.00010210839631431823
0.02242635470828732,0.0012933730199813644
0.022449030496667792,0.0010210839631431823
0.022471706285048264,0.0011572284915622735
0.022494382073428736,0.0011572284915622735
0.02251705786180921,0.00027228905683818194
0.022539733650189683,0.0004765058494668185
0.022562409438570154,0.0003403613210477275
0.022585085226950626,0.0004084335852572729
0.022607761015331098,0.0004765058494668185
0.022630436803711573,0.0007487949063050004
0.022653112592092045,0.0007487949063050004
